accel_x,accel_y,fsr_1,gyro_z,fsr_3,fsr_2,ultrasonic_1,ultrasonic_2,ultrasonic_3,gyro_x,accel_z,gyro_y,ultrasonic_4
-2368,5980,1280,-655,5937,0,-0.01718213,-0.01718213,-0.01718213,5242,18032,86,-0.01718
-2292,5952,2384,-676,8370,0,-0.01718213,-0.01718213,-0.01718213,5237,17816,65,-0.01718
